<?xml version="1.0" encoding="UTF-8"?>
<project-private xmlns="http://www.netbeans.org/ns/project-private/1">
    <editor-bookmarks xmlns="http://www.netbeans.org/ns/editor-bookmarks/2" lastBookmarkId="0"/>
    <open-files xmlns="http://www.netbeans.org/ns/projectui-open-files/2">
        <group>
            <file>file:/C:/Users/mrnov/Documents/NetBeansProjects/eXistProject/src/PruebasXMLDB_XQJ/principal/pruebaexcepcionesxmldb.java</file>
            <file>file:/C:/Users/mrnov/Documents/NetBeansProjects/eXistProject/src/PruebasXMLDB_XQJ/principal/Pruebas_XMLDB.java</file>
            <file>file:/C:/Users/mrnov/Documents/NetBeansProjects/eXistProject/src/PruebasXMLDB_XQJ/principal/pruebaexcepcionesxqj.java</file>
            <file>file:/C:/Users/mrnov/Documents/NetBeansProjects/eXistProject/src/PruebasXMLDB_XQJ/principal/PruebasExist_XQJ.java</file>
            <file>file:/C:/Users/mrnov/Documents/NetBeansProjects/eXistProject/src/EmpleYDepart_5_7/PruebasEmpleYDepart.java</file>
        </group>
    </open-files>
</project-private>
