<!--Características-->
<!--Genre
Horror
Sci-Fi
Sports
War
Western
Comedy
Crime
Action
Melodrama
Musical
Romance
-->
<movies>
    private String title;
    private Integer duration;
    private Writer writer;
    private Integer year;
    private String genre;
    private String synopsis;
    private ArrayList<Actor> actors;
    <movie>
        <title>The Matrix</title>
        <duration>136</duration>
        <genre>Sci-Fi and Fantasy</genre>
        <actors>
            <actor>Keanu Reeves</actor>
            <actor>Laurence Fishburne</actor>
            <actor>Carrie Ann Moss</actor>
        </actors>
        <year>1999</year>
	<synopsis></synopsis>
        <writer>Wachowski Brothers</writer>
    </movie>
</movies>