<?xml version="1.0" encoding="ISO-8859-1"?>
<USO_GIMNASIO>
<fila_uso>
  <CODSOCIO>10</CODSOCIO>
  <CODACTIV>10</CODACTIV>
  <FECHA>16/11/09</FECHA>
  <HORAINICIO>17</HORAINICIO>
  <HORAFINAL>18</HORAFINAL>
  </fila_uso>
<fila_uso>
  <CODSOCIO>10</CODSOCIO>
  <CODACTIV>22</CODACTIV>
  <FECHA>16/12/09</FECHA>
  <HORAINICIO>18</HORAINICIO>
  <HORAFINAL>19</HORAFINAL>
</fila_uso>
<fila_uso>
   <CODSOCIO>10</CODSOCIO>
   <CODACTIV>10</CODACTIV>
   <FECHA>17/11/09</FECHA>
   <HORAINICIO>17</HORAINICIO>
   <HORAFINAL>18</HORAFINAL>
</fila_uso>
<fila_uso>
   <CODSOCIO>10</CODSOCIO>
   <CODACTIV>10</CODACTIV>
   <FECHA>18/11/09</FECHA>
   <HORAINICIO>17</HORAINICIO>
   <HORAFINAL>18</HORAFINAL>
 </fila_uso>
<fila_uso>
   <CODSOCIO>10</CODSOCIO>
   <CODACTIV>10</CODACTIV>
   <FECHA>19/11/09</FECHA>
   <HORAINICIO>17</HORAINICIO>
   <HORAFINAL>18</HORAFINAL>
</fila_uso>
<fila_uso>
   <CODSOCIO>10</CODSOCIO>
   <CODACTIV>22</CODACTIV>
   <FECHA>21/12/09</FECHA>
   <HORAINICIO>20</HORAINICIO>
   <HORAFINAL>21</HORAFINAL>
</fila_uso>
<fila_uso>
  <CODSOCIO>10</CODSOCIO>
  <CODACTIV>31</CODACTIV>
  <FECHA>22/12/09</FECHA>
  <HORAINICIO>17</HORAINICIO>
  <HORAFINAL>19</HORAFINAL>
</fila_uso>
<fila_uso>
   <CODSOCIO>11</CODSOCIO>
   <CODACTIV>31</CODACTIV>
   <FECHA>16/12/09</FECHA>
   <HORAINICIO>17</HORAINICIO>
   <HORAFINAL>19</HORAFINAL>
</fila_uso>
<fila_uso>
   <CODSOCIO>11</CODSOCIO>
   <CODACTIV>31</CODACTIV>
   <FECHA>19/12/09</FECHA>
   <HORAINICIO>17</HORAINICIO>
   <HORAFINAL>19</HORAFINAL>
</fila_uso>
<fila_uso>
   <CODSOCIO>13</CODSOCIO>
   <CODACTIV>21</CODACTIV>
   <FECHA>08/12/09</FECHA>
   <HORAINICIO>18</HORAINICIO>
   <HORAFINAL>19</HORAFINAL>
</fila_uso>
<fila_uso>
   <CODSOCIO>13</CODSOCIO>
   <CODACTIV>21</CODACTIV>
   <FECHA>10/12/09</FECHA>
   <HORAINICIO>18</HORAINICIO>
   <HORAFINAL>19</HORAFINAL>
</fila_uso>
<fila_uso>
   <CODSOCIO>13</CODSOCIO>
   <CODACTIV>21</CODACTIV>
   <FECHA>15/12/09</FECHA>
   <HORAINICIO>18</HORAINICIO>
   <HORAFINAL>19</HORAFINAL>
</fila_uso>
<fila_uso>
   <CODSOCIO>13</CODSOCIO>
   <CODACTIV>21</CODACTIV>
   <FECHA>17/12/09</FECHA>
   <HORAINICIO>18</HORAINICIO>
   <HORAFINAL>19</HORAFINAL>
</fila_uso>
<fila_uso>
   <CODSOCIO>13</CODSOCIO>
   <CODACTIV>32</CODACTIV>
   <FECHA>09/12/09</FECHA>
   <HORAINICIO>20</HORAINICIO>
   <HORAFINAL>21</HORAFINAL>
</fila_uso>
<fila_uso>
   <CODSOCIO>13</CODSOCIO>
   <CODACTIV>32</CODACTIV>
   <FECHA>11/12/09</FECHA>
   <HORAINICIO>20</HORAINICIO>
   <HORAFINAL>21</HORAFINAL>
</fila_uso>
<fila_uso>
   <CODSOCIO>13</CODSOCIO>
   <CODACTIV>32</CODACTIV>
   <FECHA>18/12/09</FECHA>
   <HORAINICIO>20</HORAINICIO>
   <HORAFINAL>21</HORAFINAL>
</fila_uso>
</USO_GIMNASIO>